image,v3_confidence,label
VID_20260929_115659_f000044.jpg,0.5056,negative
VID_20260929_115659_f000011.jpg,0.4067,negative
VID_20260929_115659_f000000.jpg,0.2929,negative
VID_20260929_115659_f000027.jpg,0.2533,negative
VID_20260929_115659_f000022.jpg,0.1933,negative
VID_20260929_115659_f000005.jpg,0.1594,negative
VID_20260929_115659_f000033.jpg,0.1218,negative
VID_20260929_115659_f000099.jpg,0.1115,negative
VID_20260929_115624_f000214.jpg,0.1058,negative
VID_20260929_115637_f000134.jpg,0.0987,negative
VID_20260929_115624_f000217.jpg,0.0949,negative
VID_20260929_115637_f000107.jpg,0.0934,negative
VID_20260929_115659_f000175.jpg,0.0933,negative
VID_20260929_115637_f000101.jpg,0.0828,negative
VID_20260929_115659_f000070.jpg,0.0777,negative
VID_20260929_115659_f000016.jpg,0.0763,negative
VID_20260929_115659_f000105.jpg,0.0756,negative
VID_20260929_115659_f000115.jpg,0.0745,negative
VID_20260929_115659_f000017.jpg,0.0668,negative
VID_20260929_115659_f000104.jpg,0.0642,negative
VID_20260929_115659_f000035.jpg,0.0631,negative
VID_20260929_115637_f000130.jpg,0.0558,negative
VID_20260929_115637_f000147.jpg,0.0534,negative
VID_20260929_115637_f000076.jpg,0.0514,negative
VID_20260929_115637_f000109.jpg,0.0504,negative
VID_20260929_115659_f000170.jpg,0.0502,negative
VID_20260929_115637_f000080.jpg,0.0480,negative
VID_20260929_115637_f000084.jpg,0.0465,negative
VID_20260929_115659_f000038.jpg,0.0400,negative
VID_20260929_115637_f000122.jpg,0.0371,negative
VID_20260929_115637_f000050.jpg,0.0369,negative
VID_20260929_115637_f000092.jpg,0.0348,negative
VID_20260929_115637_f000088.jpg,0.0342,negative
VID_20260929_115609_f000192.jpg,0.0333,negative
VID_20260929_115637_f000139.jpg,0.0328,negative
VID_20260929_115659_f000093.jpg,0.0322,negative
VID_20260929_115637_f000143.jpg,0.0317,negative
VID_20260929_115637_f000118.jpg,0.0316,negative
VID_20260929_115659_f000176.jpg,0.0311,negative
VID_20260929_115637_f000094.jpg,0.0303,negative
