image,source_video,bootstrap,decision,note
VID_20260929_084341_f000064.jpg,VID_20260929_084341,miss,draw,
VID_20260929_084341_f000032.jpg,VID_20260929_084341,miss,draw,
VID_20260929_084341_f000000.jpg,VID_20260929_084341,box,keep,
VID_20260929_084341_f000097.jpg,VID_20260929_084341,box,keep,
VID_20260929_084341_f000226.jpg,VID_20260929_084341,box,keep,
VID_20260929_084341_f000258.jpg,VID_20260929_084341,box,keep,
VID_20260929_084415_f000000.jpg,VID_20260929_084415,miss,draw,
VID_20260929_084415_f000675.jpg,VID_20260929_084415,box,keep,
VID_20260929_084415_f000707.jpg,VID_20260929_084415,box,keep,
VID_20260929_084415_f000739.jpg,VID_20260929_084415,box,keep,
VID_20260929_084415_f000643.jpg,VID_20260929_084415,box,keep,
VID_20260929_084415_f000610.jpg,VID_20260929_084415,box,keep,
VID_20260929_084448_f000142.jpg,VID_20260929_084448,miss,draw,
VID_20260929_084448_f000227.jpg,VID_20260929_084448,miss,draw,
VID_20260929_084448_f000114.jpg,VID_20260929_084448,miss,draw,
VID_20260929_084448_f000170.jpg,VID_20260929_084448,miss,draw,
VID_20260929_084448_f000199.jpg,VID_20260929_084448,miss,draw,
VID_20260929_084448_f000057.jpg,VID_20260929_084448,miss,draw,
VID_20260929_084516_f000475.jpg,VID_20260929_084516,box,keep,
VID_20260929_084516_f000497.jpg,VID_20260929_084516,box,keep,
VID_20260929_084516_f000367.jpg,VID_20260929_084516,box,keep,
VID_20260929_084516_f000086.jpg,VID_20260929_084516,box,keep,
VID_20260929_084516_f000346.jpg,VID_20260929_084516,box,keep,
VID_20260929_084516_f000173.jpg,VID_20260929_084516,box,keep,
VID_20260929_084603_f000666.jpg,VID_20260929_084603,miss,draw,
VID_20260929_084603_f000599.jpg,VID_20260929_084603,miss,remove,
VID_20260929_084603_f000633.jpg,VID_20260929_084603,miss,draw,
VID_20260929_084603_f000566.jpg,VID_20260929_084603,box,keep,
VID_20260929_084603_f000699.jpg,VID_20260929_084603,box,keep,
VID_20260929_084603_f000533.jpg,VID_20260929_084603,box,keep,
VID_20260929_084643_f000157.jpg,VID_20260929_084643,miss,draw,
VID_20260929_084643_f000315.jpg,VID_20260929_084643,miss,draw,
VID_20260929_084643_f000409.jpg,VID_20260929_084643,box,keep,
VID_20260929_084643_f000472.jpg,VID_20260929_084643,box,keep,
VID_20260929_084643_f000441.jpg,VID_20260929_084643,box,keep,
VID_20260929_084643_f000535.jpg,VID_20260929_084643,box,keep,
VID_20260929_084704_f000408.jpg,VID_20260929_084704,box,keep,
VID_20260929_084704_f000447.jpg,VID_20260929_084704,box,keep,
VID_20260929_084704_f000428.jpg,VID_20260929_084704,box,keep,
VID_20260929_084704_f000389.jpg,VID_20260929_084704,box,keep,
VID_20260929_084704_f000019.jpg,VID_20260929_084704,box,keep,
VID_20260929_084704_f000000.jpg,VID_20260929_084704,box,keep,
VID_20260929_084738_f000509.jpg,VID_20260929_084738,miss,draw,
VID_20260929_084738_f000534.jpg,VID_20260929_084738,miss,draw,
VID_20260929_084738_f000483.jpg,VID_20260929_084738,miss,draw,
VID_20260929_084738_f000458.jpg,VID_20260929_084738,miss,draw,
VID_20260929_084738_f000432.jpg,VID_20260929_084738,miss,draw,
VID_20260929_084738_f000585.jpg,VID_20260929_084738,miss,draw,
VID_20260929_084808_f000000.jpg,VID_20260929_084808,miss,draw,
VID_20260929_084808_f000055.jpg,VID_20260929_084808,miss,draw,
VID_20260929_084808_f000495.jpg,VID_20260929_084808,miss,draw,
VID_20260929_084808_f000550.jpg,VID_20260929_084808,miss,draw,
VID_20260929_084808_f000632.jpg,VID_20260929_084808,miss,draw,
VID_20260929_084808_f000577.jpg,VID_20260929_084808,miss,draw,
