image,yolo,dino,decision,note
1790940004.291_event_confna.jpg,0.197,0.642,draw,
1790940010.659_event_conf033.jpg,0.000,0.903,keep,
1790940010.712_event_confna.jpg,0.000,0.903,keep,
1790940010.751_event_conf034.jpg,0.000,0.882,keep,
1790940019.170_event_confna.jpg,0.000,0.861,keep,
1790940023.329_event_conf036.jpg,0.000,0.906,keep,
1790940040.385_event_conf047.jpg,0.000,0.499,keep,
1790940040.447_event_confna.jpg,0.221,0.518,keep,
1790940042.594_event_confna.jpg,0.239,0.871,keep,
1790940042.624_event_conf031.jpg,0.246,0.458,keep,
1790940046.861_event_confna.jpg,0.000,0.824,keep,
1790940098.328_event_conf051.jpg,0.000,0.424,keep,
1790940121.117_event_conf060.jpg,0.000,0.803,keep,
1790940123.206_event_conf032.jpg,0.000,0.385,keep,
1790940192.958_event_confna.jpg,0.000,0.718,keep,
1790940193.013_event_confna.jpg,0.000,0.678,keep,
1790940199.174_event_conf041.jpg,0.000,0.481,keep,
1790940199.233_event_conf038.jpg,0.182,0.480,keep,
