image,source,confidence,source_box,review
fp_01_VID_20260929_115659_f000044_b0.jpg,VID_20260929_115659_f000044.jpg,0.5056,0 75 325 682,TODO
fp_02_VID_20260929_115659_f000011_b0.jpg,VID_20260929_115659_f000011.jpg,0.4067,48 0 274 764,TODO
fp_03_VID_20260929_115659_f000000_b0.jpg,VID_20260929_115659_f000000.jpg,0.2929,32 187 375 675,TODO
fp_04_VID_20260929_115659_f000000_b1.jpg,VID_20260929_115659_f000000.jpg,0.2608,39 15 231 707,TODO
fp_05_VID_20260929_115659_f000027_b0.jpg,VID_20260929_115659_f000027.jpg,0.2533,59 0 270 726,TODO
fp_06_VID_20260929_115659_f000022_b0.jpg,VID_20260929_115659_f000022.jpg,0.1933,57 0 255 747,TODO
fp_07_VID_20260929_115659_f000005_b0.jpg,VID_20260929_115659_f000005.jpg,0.1594,61 0 249 719,TODO
fp_08_VID_20260929_115659_f000000_b2.jpg,VID_20260929_115659_f000000.jpg,0.1229,41 171 269 679,TODO
fp_09_VID_20260929_115659_f000033_b0.jpg,VID_20260929_115659_f000033.jpg,0.1218,29 0 1034 727,TODO
fp_10_VID_20260929_115659_f000099_b0.jpg,VID_20260929_115659_f000099.jpg,0.1115,15 366 1080 1920,TODO
fp_11_VID_20260929_115624_f000214_b0.jpg,VID_20260929_115624_f000214.jpg,0.1058,391 798 804 1088,TODO
fp_12_VID_20260929_115637_f000134_b0.jpg,VID_20260929_115637_f000134.jpg,0.0987,7 758 694 967,TODO
fp_13_VID_20260929_115624_f000217_b0.jpg,VID_20260929_115624_f000217.jpg,0.0949,296 807 730 1094,TODO
fp_14_VID_20260929_115637_f000107_b0.jpg,VID_20260929_115637_f000107.jpg,0.0934,166 1074 916 1333,TODO
fp_15_VID_20260929_115659_f000175_b0.jpg,VID_20260929_115659_f000175.jpg,0.0933,689 406 996 569,TODO
fp_16_VID_20260929_115659_f000044_b1.jpg,VID_20260929_115659_f000044.jpg,0.0932,0 19 234 686,TODO
fp_17_VID_20260929_115659_f000027_b1.jpg,VID_20260929_115659_f000027.jpg,0.0905,46 129 339 678,TODO
fp_18_VID_20260929_115637_f000101_b0.jpg,VID_20260929_115637_f000101.jpg,0.0828,288 1087 1036 1362,TODO
fp_19_VID_20260929_115659_f000033_b1.jpg,VID_20260929_115659_f000033.jpg,0.0802,11 0 605 692,TODO
fp_20_VID_20260929_115659_f000070_b0.jpg,VID_20260929_115659_f000070.jpg,0.0777,555 876 898 1471,TODO
fp_21_VID_20260929_115659_f000016_b0.jpg,VID_20260929_115659_f000016.jpg,0.0763,50 0 253 755,TODO
fp_22_VID_20260929_115659_f000105_b0.jpg,VID_20260929_115659_f000105.jpg,0.0756,0 181 1080 1920,TODO
fp_23_VID_20260929_115659_f000115_b0.jpg,VID_20260929_115659_f000115.jpg,0.0745,0 309 1073 1919,TODO
fp_24_VID_20260929_115659_f000017_b0.jpg,VID_20260929_115659_f000017.jpg,0.0668,57 0 254 756,TODO
fp_25_VID_20260929_115659_f000104_b0.jpg,VID_20260929_115659_f000104.jpg,0.0642,13 308 1080 1913,TODO
fp_26_VID_20260929_115659_f000035_b0.jpg,VID_20260929_115659_f000035.jpg,0.0631,31 0 1033 735,TODO
fp_27_VID_20260929_115659_f000033_b2.jpg,VID_20260929_115659_f000033.jpg,0.0619,26 0 399 686,TODO
fp_28_VID_20260929_115659_f000044_b2.jpg,VID_20260929_115659_f000044.jpg,0.0588,0 0 159 773,TODO
fp_29_VID_20260929_115637_f000130_b0.jpg,VID_20260929_115637_f000130.jpg,0.0558,11 1088 656 1329,TODO
fp_30_VID_20260929_115659_f000005_b1.jpg,VID_20260929_115659_f000005.jpg,0.0536,39 0 510 682,TODO
